epoch,metadata_prob_ranges,k,lr,niter,r_metadata,k1,k2,lambda_value,mAP,Rank-1,Rank-5,Rank-10,Rank-20
300,,-1,-1,-1,,,,,0.0007130638812914057,0.0,0.0,0.0,0.0012531328
300,0-7;7-37;37-46,-1,-1,-1,0.2,4,4,0.5,0.0022220303415344074,0.0012531328,0.0012531328,0.0012531328,0.0012531328
